Estonian;Term_Example;English (United Kingdom);Term_Example;Comments;;
24-tunni|ne omatar|ve;;24-hour own supply [Daily self-consumption rate];;;;
aasta keskmi|ne andmata energia*;;average annual expected energy not served [Annual average not supplied Energy rate];"kui mitmeaasta keskmine (keskmine väärtus ühe aasta kohta), kas ei peaks olema ""average annual....";;;
aasta|ne tarbimi|ne;;annual consumption;;;;
abipingesüsteem*;;auxiliary voltage system;;;;
abrasiivsead|e;;grinding machine;;;;
administreerimi|ne;;administration;;;;
aFRR;;aFRR;;Eesti keeles nimetaks automaatne sageduse taastamise reserv;;
agregaator*;;aggregator;;;;
agregeeritud;;aggregated;;;;
ainuaktsionär*;;sole shareholder [stakeholder];;;;
ajuti|ne elektripaigaldis*;;temporary electrical installation;;;;
ajutise elektripaigaldise käidukorraldaja*;;temporary electrical installation manager;;;;
ajuti|ne elektrikaab|el;;temporary electrical cable;;;;
ajuti|ne tee*;;temporary road;;;;
aktiiv- ja reaktiivvõimekus*;;active and reactive power;Kas eesti keeles poleks korrektsem öeda aktiiv- ja reaktiivvõimsus (või -energia)? 'Power võib tähendada nii võimsust kui energiat. 'Võimekuse' vaste inglise keeles oleks pigem 'capability'.;;;
aktiivenergia*;;active energy;;;;
aktiiv|ne tööülesan|ne;;active task;;;;
aktiivsidesead|e;;active communication device;;;;
akupatarei*;;battery;;;;
akuruum*;;battery room;;;;
alajaam*;;substation;;;;
"alajaama hoone*; alajaamahoone*";;substation building;;;;
alajaama paigaldis*;;substation installation;;;;
alajaama sisestus*;;substation input;;;;
alajaama tarbija*;;substation consumer;;;;
alajaama territoorium*;;substation grounds, substation territory;;;;
alajaama andmesidevõrgu sead|e;;substation data communications network equipment;;;;
alajaama renoveerimi|ne;;substation renovation;;;;
alajaama teenindusmaa*;;substation service land;;;;
alajaama videosüsteem*;;substation videosystem [Substation video tracking system];;;;
;;;;;;
alakasutatud;;underused;underutilized on õigem;;;
alakasutustasu*;;underuse fee;underutilization fee;;;
"alalisvoolu ühendus*; alalisvooluühendus*";;direct current connection;;;;
alalisvoolukaab|el;;direct-current cable;;;;
;;;;;;
alltöövõtja*;;subcontractor;;;;
alltöövõtja töötaja;;subcontractors' employee;;;;
konservatiiv|ne tootmisseadmete stsenaarium*;;conservative generation equipment scenario;;;;
aluspad|i;;bed;;;;
aluspinnas*;;subsoil;;;;
amortiseerunud isolatsioon*;;depreciated insulation;;;;
amortiseerunud isolatsiooni vahetus*;;replacement of depreciated insulation;;;;
amortiseerunud võrgu uuendami|ne;;upgrading depreciated network;;;;
andmata energia*;;expected energy not served;Miks sõna 'expected' tõlke alguses?;Irene Puusaar etteepanekud: undelivered energy, energy not supplied;;
andmata jäänud energia*;;electricity not provided;electricity' asemel 'energy';;;
andmekaitse nõunik*;;data protection adviser;data protection officer on korrektsem;;;
andmekeskus*;;data centre;;;;
andmela|du;;data warehouse;alternatiivse tõlkena lubaks ka 'data hub'. Data warehouse on korrektne;;;
andmemaht*;;data volume;;;;
andmeside*;;data communications;;;;
andmesidevõr<k;;data communications network;;;;
andmesidevõrgu sead|e;;data communications network equipment;;;;
andmevahetus*;;exchange of data;lihtsalt 'data exchange';;;
andmevahetuse nõu|e;;requirement for exchange of data;data exchange requirement;;;
andmevahetusplatvorm*;;data exchange platform;;;;
armatuur*;;armouring;;;;
armeeritud;;reinforced;;;;
astmelüliti*;;tap changer;;;;
auditikomitee*;;audit committee;;;;
augerpuurimi|ne;;auger drilling;;;;
autentimislahendus*;;authentication solution;;;;
automaat|ne sagedusreserv*;;automatic frequency restoration reserve;;;;
avariireservelektrijaam*;;emergency reserve power plant;;;;
avariireservvõimsus*;;emergency reserve capacity;;;;
avatud tarneahel*;;open supply chain;;;;
Baasstsenaarium*;;Baseline Scenario;;;;
Balti alajaam*;;Balti substation;;;;
Balti elektrijaam*;;Balti Power Plant;;;;
Balti elektrisüsteem*;;Baltic power system;;;;
Balti elektrisüsteemi sünkroontöö*;;Baltic electricity system’s synchronous operation;;;;
Balti hädaolukorra toimepidevuse stsenaarium*;;Baltic emergency continuity scenario;;;;
betoneerimi|ne;;concrete work;;;;
betoon*;;concrete;;;;
betoonisegu*;;concrete mix;;;;
betoonpin|d;;concrete surface;;;;
betoonpõrand*;;concrete floor;;;;
bilansienergia*;;balancing energy;;;;
bilansihaldur*;;balance administrator;"balance provider õigem
Siin pigem mõeldud ilmselt ikka 'balance responsible party'
Balancing service provider- see on ametlik ENTSOe definitsioon";;;
bilansileping*;;balance contract;balance agreement õigem, balancing contract või agreement;;;
bilansiplaan*;;balancing plan;schedule'?;;;
bilansiportfell*;;balance portfolio;;;;
bilansiselgitus*;;balance settlement;kas ei peaks olema inglise keeles imbalance settlement ehk siis tegelikkuses likvideeritakse imbalancit;;;
bilansiteenus*;;balancing service;;;;
bilansitur|g;;balancing market;;;;
bilansivastutus*;;balance responsibility;;;;
biogaas*;;biogas;;;;
biomass*;;biomass;;;;
biometaan*;;biomethane;;;;
börsihin|d;;exchange price;stock exchange price;;;
CNG-kütus*;;CNG fuel;;;;
demontaaž*;;disassembly;dismantling;;;
desünkroniseerimi|ne;;desynchronisation;;;;
deterministlik* analüüs*;;deterministic analysis;;;;
diagnostika*;;diagnostics;;;;
diagnostikasead|e;;diagnostics equipment;;;;
digitaal|ne lahendus*;;digital solution;;;;
digitaal|ne tegevuskava*;;digital action plan;;;;
diiselgeneraator*;;diesel generator;;;;
D-kategooria gaasipaigaldis*;;category D gas installation;;;;
dokumendihaldussüsteem*;;document management system;;;;
dreeniv* täitepinnas*;;draining filling earth;keeleliselt mitte kige parem, võiks olla filling earth with good drainage characteristics;;;
drenaaž*;;drainage;;;;
D-tüüpi tootmismoodul*;;type D generating module;;;;
ebabilans|s;;imbalance;;;;
edastamata jäänud energia*;;energy transmission forgone [Not supplied Energy rate];Kas mitte sama mis 'andmata jäänud energia' eespool?;;;
edastatavad mõõtmis- ja kaugjuhtimissignaalid;;measurement and remote control signals to be sent out [ Telemetry of metering and control signals];;;;
eeldatav* elu|iga;;expected lifespan;;;;
eeldatav* jääkressurs|s;;expected residual resource value;;;;
e-eleringi portaal*;;e-elering portal;;;;
eeluuring*;;preliminary investigation;'pre-feasibility study' preliminary feasibility study;;;
eeluuringutaotlus*;;application for a preliminary investigation;vt. eelm.;;;
Eesti elektri ülekandesüsteem*;;Estonian electricity transmission system;;;;
Eesti elektrijaam*;;Eesti Power Plant;Estonian Power Plant;;;
Eesti elektrisüsteem*;;Estonian electricity system;;;;
Eesti elektrisüsteemi varustuskindlus*;;Estonian power system security of supply ;'power system' vs 'electricity system' - vt ka eelm.;;;
Eesti elektritarbija*;;Estonian power consumer;eelistaksin 'electricity consumer';;;
Eesti elutähtsa teenuse stsenaarium*;;Estonian vital service scenario;;;;
Eesti energiamajanduse arengukava*;;National Development Plan of the Energy Sector;ametlik tõlge ei ole paraku grammatiliselt päris õige. Of peaks olema for;;;
Eesti energiasüsteem*;;Estonian energy system;;;;
Eesti gaasisüsteem*;;Estonian gas system;;;;
Eesti hinnapiirkon|d;;Estonian price area;;;;
Eesti kaubanduslik elektribilans|s;;Estonia’s commercial electricity balance;;;;
Eesti Lairiba Arenduse Sihtasutus*;;Estonian Broadband Development Foundation;;;;
Eesti tiputarbimi|ne;;Estonian peak consumption;;;;
Eesti varustuskindlus*;;Estonian security of supply;;;;
Eesti ülekandesüsteem*;;Estonian transmission system;;;;
Eesti-Läti liin*;;Estonia-Latvia line;Estonian -Latvian line / interconnector;;;
Eesti-Soome gaasiühendus*;;Estonian-Finnish gas connection [EST-FIN NG interconnection];;;;
ehitise kaitsevöönd*;;building protection zone;;;;
ehitus ja lammutusjäätme|d;;construction and demolition waste;;;;
ehitushan|ge;;construction procurement;;;;
ehitusl|uba;;building permit;;;;
ehitusmasin*;;construction machine, construction machinery;;;;
ehitusobjekt*;;construction site;;;;
ehitusplats*;;construction site;;;;
ehitusprojekti kooskõlastami|ne;;endorsement of construction project, approval of building design [construction project approval];mitmed erinevad võimalused;;;
ehitusprojekti töövõtja*;;EPC Contractor;;;;
Ehitusregist|er;;Construction Registry;eesti keeles on korrektne 'Ehitisregister', inglise keeles 'Estonian Register of Buildings';;;
ehitusseadustik*;;Building Code;;;;
ehitusvalmidus*;;degree of completion [construction readiness];See ei ole korrektne, hetkel midagi head ka ei tule;;;
EK puhta energia paket|t;;EC's Clean Energy Package;;;;
ekskavaator*;;excavator;;;;
ekspertiis*;;expert assessment, expert analysis [Inspection];expert opinion;;;
kaasabirahastuse fond*;;co-financing facility;;;;
ühtekuuluvusfond*;;Cohesion Fund;;;;
elektri alajaam*;;power substation;;;;
elektri börsihin|d;;electricity exchange price;ka 'spot price'?;;;
elektri kaubanduslik impor|t;;commercial import of electricity;;;;
elektri põhivõrguga liitumi|ne;;connecting to the national transmission system, connecting to national grid;;;;
elektri põhivõr|k;;national transmission system, national grid;ka 'transmission grid';;;
elektri suurtootja*;;major power producer;'large power generator';;;
elektri süsteemihaldur*;;transmission system operator;;;;
elektri tarbimiskoh|t;;place of consumption [Consumption point];"'point of consumption'?; kindlasti point of consumption";;;
elektri tootmi|ne;;generation of electricity;'electricity generation';;;
elektri varustuskindlus*;;power system supply security;'security of electricity supply';;;
elektri võimsusvoo|g;;capacity flow;Kas saab olla 'võimsusvoog', pigem peaks olema energiavoog'?;;;
elektri üldkogus*;;total amount of electricity;;;;
elektri ülekandesüsteem*;;electricity transmission system;;;;
elektri ülekandevõr|k;;electricity transmission network;electricity transmission grid;;;
elektri ülekan|ne;;electricity transmission;;;;
elektribilans|s;;electricity balance;;;;
elektribörs*;;power exchange;;;;
elektrienergia*;;electricity / elecric power;;;;
elektrienergia kogutarbimi|ne;;total power consumption;;;;
elektrienergia päritolu*;;origin of electricity;;;;
elektrienergia tootmi|ne;;electricity production / Power generation;;;;
elektrihin|d;;price of electricity;electricity price;;;
elektrijaam*;;power plant;;;;
elektrikaabelliin*;;power line;;;;
elektrikatkestus*;;power outage;;;;
elektrikaubandus*;;electricity trade;;;;
elektrikaubandusbilans|s;;electricity trading balance;;;;
elektrikil|p;;distirbution board, electric panel, breaker panel [Electrical distribution board];;;;
elektrileping*;;electricity contract;;;;
elektriliin*;;power line;;;;
elektriliinide ümberehitustöö*;;power line alteration work;;;;
elektrili|ne maksimumvõimsus*;;electrical maximum capacity;;;;
elektrili|ne ühendus*;;electrical connection;;;;
elektrili|ne parameet|er;;electrical parameter;;;;
elektrilöö|k;;electric shock;;;;
elektrimüüja*;;electricity seller;eelistatult 'electricity supplier'. Kindlasti electricity supplier, electricity seller üldjuhul ei kasutata;;;
elektriosa*;;electrical part, electrical system;;;;
elektripaigaldis*;;electrical installation;;;;
elektripaigaldise käidukorraldaja*;;electrical installation manager;;;;
elektrisead|e;;electrical equipment;;;;
elektrisüsteem*;;power system;;;;
elektrisüsteemi bilans|s;;power system balance;;;;
elektrisüsteemi toimimise võrgueeskir|i;;Grid Code on the functioning of the electricity system;pigem vast 'network code' Grid code on ok ja kasutusel;;;
elektrisüsteemi varustuskindlus*;;security of the power system’s supply;;;;
elektrisüsteemihaldur*;;electricity transmission system operator;;;;
elektritarbija*;;power consumer;'electricity consumer';;;
elektritarbimise prognoos*;;forecast of electricity consumption;electricity consumption forecast;;;
elektritoodang*;;electricity output;ka 'electricity production', mõlemad ok;;;
elektritootja*;;power producer [Power producer];pigem 'electricity producer';;;
elektritootmi|ne;;electricity generation;;;;
elektritootmissead|e;;electricity generating equipment;production device;;;
elektritur|g;;electricity market;;;;
elektrituruseadus*;;Electricity Market Act;;;;
elektrituulik*;;electric wind turbine;;;;
elektritööriist*;;power tool;;;;
elektrivarustus*;;power supply;ka 'electricity supply';;;
elektrivarustuskindlus*;;security of (electricity) supply;;;;
elektrivõr|k;;electricity network;Power network;;;
elektriühendus*;;power connection;;;;
elektriülekandeliin*;;electricity transmission line [Electric power transmission line];;;;
elu|iga;;lifespan;alternatiivselt võib kasutada ka lifetime, kui räägitakse kasulikust või tehnilisest elueast;;;
elutähtsa teenuse stsenaarium*;;vital service scenario;;;;
emissioonikvoo|t;;emission allowance, carbon credit;;;;
emiten|t;;issuer;;;;
energiabilans|s;;energy balance;;;;
energiajulgeolek*;;energy security;;;;
energialii|t;;energy union;;;;
energiamajandus*;;energy sector;;;;
energiamajanduse arengukava*;;Development Plan for the Energy Sector;vt 120;;;
energiapoliitika*;;energy policy;;;;
energiasüsteem*;;energy system;;;;
energiasüsteemi juhtimiskeskus*;;energy system control centre;;;;
energiasüsteemi opereerimise risk*;;energy system operation risk;;;;
energiasüsteemide juhtimiskeskuse juhataja*;;head of energy systems control centre;;;;
energiataristu*;;energy infrastructure;;;;
energiateenus*;;energy service;;;;
energiatur|g;;energy market;;;;
energiatõhusus*;;energy efficiency, energy performance;pigem energy effiiency;;;
energiatõhususnõu|e;;energy performance requirement;pigem energy efficiency requirement;;;
energiavarustus*;;energy supply;;;;
energiavoo|g;;energy flow;;;;
ennetava|d meetme|d;;preventative measures, preventive measures;;;;
eralduskatse*;;isolation test;;;;
esindusõigus*;;right of representation;lühemalt 'representation right' pooldan samuti meie poolt pakutut;;;
esma|ne gaasivoo*;;initial flow of gas [mis selle all mõeldakse?] Vale sõnastus! ;initial gas flow;;;
esma|ne tagasitäi|de;;initial backfill;;;;
ettevalmistustöö|d;;preparatory work;;;;
fiiberoptili<ne kaab|el;;fibre optic cable;;;;
fikseeritud hooldustasu*;;Fixed Maintenance Fee;;;;
finantsjuh|t;;CFO;;;;
finantsris|k;;financial risk;;;;
fossiilkütus*;;fossil fuel;;;;
füüsili|ne isik*;;natural person [Individual];;;;
füüsilisest isikust ettevõtja*;;sole proprietor, self-employed (person);;;;
gaasi mõõtepunkt*;;gas measuring point;;;;
gaasi päritolu*;;origin of gas;;;;
gaasi päritolutunnistuste regist|er;;register of certificates of origin of gas [Natural gas origin certificate registry];"Registry of gas origin certificates; registry for guarantees of origin of gas";of of of :);;
gaasi siseriiklik* ülekandeteenus*;;domestic gas transmission service;;;;
gaasi siseriikliku ülekandeteenuse tüüptingimus|ed;;standardized terms and conditions for cross-border gas transmission service;standard terms and conditions for local (national) gas transmission service;;;
gaasi ülekandesüsteem*;;gas transmission system;;;;
gaasi ülekandeteenus*;;gas transmission service;;;;
gaasi ülekandetorustik*;;gas transmission pipeline;;;;
gaasi ülekandevõimsus*;;gas transmission capacity;;;;
gaasi ülekandevõr|k;;gas transmission network;;;;
gaasi ülekan|ne;;gas transmission;;;;t
gaasi ülepiirilise ülekandeteenuse tüüptingimus|ed;;standardized terms and conditions for cross-border gas transmission service;standard terms and conditions for cross-border gas transmission service;;;
gaasiarvesti*;;gas meter [Volumetric flow meter];;;;
gaasibörs*;;gas exchange;;;;
gaasifilt|er;;gas filter;;;;
gaasihin|d;;gas price;;;;
gaasijaam*;;gas station [delete];;;;
gaasijaotusjaam*;;gas distribution station;;;;
gaasikatkestus*;;gas interruption;;;;
gaasileping*;;gas contract;;;;
gaasimootor*;;gas engine;;;;
"gaasimõõdujaam*; gaasimõõtejaam*";;gas metering station;;;;
;;;;;;
gaasimüüja*;;gas seller;'gas supplier'. Kindlasti supplier;;;
gaasipaigaldis*;;gas installation;;;;
gaasipäev*;;gas day;;;;
gaasirõh|k;;gas pressure;;;;
gaasisüsteem*;;gas system;;;;
gaasitaristu*;;gas infrastructure;;;;
gaasitoru*;;gas pipe, gas pipeline;;;;
gaasitorustik*;;gas pipeline ;;;;
gaasitorustike hoolduse korraldaja*;;maintenance coordinator for gas pipelines;;;;
;;;;;;
gaasitorustike kaitsevöönd*;;protection zone of gas pipelines;;;;
gaasitorustiku lõi|k;;gas pipeline section;;;;
gaasitrass*;;gas route [Gas pipeline route]];;;;
gaasitur|g;;gas market;;;;
gaasivarustus*;;gas supply;;;;
gaasivoo|g;;gas flow;;;;
gaasivõr|k;;gas network [gas grid];;;;
gabarii|t;;clearance, external dimensions;;;;
garantiijuhtum*;;warranty incident [Warranty case];;;;
garantiikir|i;;letter of guarantee;ka 'letter of warranty';;;
garantiiperiood*;;warranty period;;;;
generaator*;;generator;;;;
gigavatt-tun|d;;gigawatt-hour;;;;
hanke mah|t;;scope of procurement;;;;
hankeleping*;;public contract, procurement contract;procurement contract. Public contracti tähendus on muu;;;
Hankija*;;Contracting Authority;Siin tuleb vaadata, mis tähenduses. Juriidiliselt võib olla. Kui mõeldakse tarnijat, siis supplier;;;
harmoniseerimi|ne;;harmonization, harmonizing;;;;
harmoniseeritud;;harmonized;;;;
"hindamise metoodika*; hindamismetoodika*";;"assessment methodology; evaluation methodology";;;;
;;;;;;
hinnaerinevus*;;price difference;;;;
hinnakir|i;;price list;;;;
hinnala|gi;;price cap, price ceiling;;;;
hinnapakkumi|ne;;price offer, bid;;;;
hinnapiirkon|d;;bidding area;ka 'price area'?;;;
hinnapäring*;;price query;ka 'price request' price request ok;;;
hinnasignaal*;;price signal;;;;
hinnatundlikkus*;;price sensitivity;;;;
hinnatõus*;;price rise;;;;
hinnavahe*;;price difference;;;;
hinnavahemik*;;price range;;;;
hoiuala*;;limited-conservation area;lihtsalt conservation area;;;
hooldustasu*;;maintenance fee;;;;
hooldustöö*;;maintenance work;;;;
hoonestamata tootmismaa*;;unimproved production land;undeveloped production land;;;
hoonestusõigus*;;right of superficies;Building title on korrektne;;;
hädaolukorra toimepidevuse stsenaarium*;;emergency continuity scenario;"sellele on ilmselt kuskil ka ametlik tõlge olemas
emergency contingency sceanrio";;;
hädavajalik* küpsis*;;essential cookie;;;;
häiringukind|el elektrivarustus*;;uninterrupted power supply;;;;
hüdroelektrijaam*;;hydroelectric plant;hydro power plant;;;
hülsitoru*;;sleeve pipe;;;;
identifikaator*;;identifier;;;;
IED leevendusmee|de;;IED exemption;;;;
ilmastikule vastavad tööriided;;weather-appropriate working clothes;weatherproof working clothes;;;
ilmastikuolu|d;;weather patterns;weather conditions;;;
ilmateenistus*;;weather service;;;;
indikatsioon*;;indication;;;;
indutseeritud pinge*;;induced voltage;;;;
infosüsteem*;;information system;;;;
infotehnoloogia*;;information technology;;;;
infovahetus*;;information exchange;;;;
infrastruktuur*;;infrastructure;;;;
inimeste juhtimise poliitika*;;people management policy, human resources management policy;;;;
interaktiiv|ne kaardirakendus*;;interactive map application;;;;
intressikulu*;;interest expenses;;;;
investeeringukava*;;investment plan;;;;
ioniseeriv* kiirgus*;;ionising radiation;;;;
IP protokollil põhineva sidevõr|k;;IP protocol-based communication network;;;;
isevool|ne sadeveekanalisatsioon*;;gravity-flow rainwater sewerage;;;;
isiklik* kasutusõigus*;;personal right of use;;;;
isikliku kasutusõiguse seadmi|ne;;establishment of personal right of use;;;;
isikliku kasutusõiguse teostami|ne;;exercising the personal right of use;;;;
isikuandmete kaitse üldmäärus;;General Data Protection Regulation;;;;
isikuandmete töötlemise põhimõt|ted;;principles for processing of personal data;;;;
isikukaitsevahend|id;;personal protective equipment, personal protective gear;PPE on rohkem kasutuses ehk siis esimene;;;
isikukood*;;personal identification code;;;;
isolaatorite isoleerimisomadus|ed;;insulation properties of the insulators;;;;
isolaatorket|t;;insulator chain;;;;
isolatsioon*;;insulation;;;;
isoleerimisomadus|ed;;insulation properties;;;;
isoleerkat|e;;insulating cover;;;;
jaetur|g;;retail market;;;;
jaotla*;;switchyard;;;;
jaotuskil|p;;distribution switchgear;;;;
jaotuspunkt*;;distribution point;;;;
jaotussead|e;;switchgear;;;;
jaotusvõrguettevõt|e;;distribution grid company, distribution network company;;;;
jaotusvõrguettevõtja*;;distribution grid operator, distribution network operator;ka 'distribution system operator';;;
jaotusvõr|k;;distribution grid, distribution network;;;;
jaotusvõrkude tarbimisvõimsuse kogunõudlus*;;total demand for distribution network consumption capacity;;;;
juhitav* tarbimi|ne;;controllable consumption;"alternatiivina 'consumption' asemel ka 'load'; 'controllable' asemel ka 'flexible'";;;
juhthoovastik*;;control levers;;;;
juhtimishoone*;;control building;;;;
juhtimiskeskus*;;control centre;;;;
juhtimisorgan*;;managing body, management body;;;;
juhtimisruum*;;control room;;;;
juhtimissüsteem*;;control system;;;;
juhtimisterminal*;;control terminal;;;;
juhtkaab|el;;pilot cable;control cable;;;
juhtrühm*;;steering group;;;;
juhtseadis*;;control;control device;;;
julgestuskaab|el;;lifeline cable;;;;
juriidili|ne isik*;;legal person;;;;
juurdepääsutee*;;access road;;;;
jõutrafo*;;power transformer;;;;
järeltur|g;;secondary market;;;;
järgmise päeva võimsus*;;next-day capacity;;;;
järgmise päeva ülekandevõimsus*;;next-day transmission capacity;;;;
jääkelu|iga;;remaining lifespan;;;;
jääkressurs|s;;residual resource value;;;;
kaabelliin*;;cable line;;;;
kaabelliini toru*;;buried cable pipe;;;;
kaablikaev*;;cable chute;kahtlen. https://www.techtoolsupply.com/Lemco-Cable-Chute-p/lem-s-1059.htm cable manhole äkki?;;;
kaablikanal*;;cableway, cable channel;;;;
kaablikorrus*;;cable storey;;;;
kaabliredel*;;cable ladder;;;;
kaablitoru*;;cable pipe;;;;
kaablitras|s;;cable line;;;;
kaablitunnel*;;cable tunnel;;;;
kaardilugeja*;;card reader;;;;
kaardirakendus*;;map application;;;;
kaasabirahastuse fond*;;co-funding facility;;;;
kaasomanik*;;co-owner;;;;
kaevand*;;excavation;;;;
kaevetöö*;;excavation work;;;;
kaevik*;;trench;;;;
kaevis*;;excavation;;;;
kaheahelali|ne;;double-circuit;;;;
kaitsehüls|s;;protective sleeve;;;;
kaitserelee*;;protection relay;;;;
kaitsevöönd*;;protection zone;;;;
kaoelekt<er;;loss electricity;;;;
kaoenergia*;;loss energy;;;;
karkasskonstruktsioon*;;frame structure;;;;
kasutusõigus*;;right of use;;;;
kasvupinnas*;;topsoil;;;;
katastritunnus*;;cadastral code;;;;
katastriüksus*;;cadastral unit;;;;
katkestatav* võimsus*;;interruptible capacity;pigem 'non-firm capacity' (ilmselt on mõeldud vastandina 'kindlale võimsusele');;;
katkestustundide arv*;;loss of load expectation;miks inglise keeles sõna 'expectation'?;;;
katoodjaam*;;cathodic station;;;;
katoodkaitse*;;cathodic protection;;;;
katoodkaitsejaam*;;cathodic protection station;;;;
kaubanduslik* elektribilans|s;;commercial electricity balance;;;;
kaugjuhtimissignaal*;;remote control signal;;;;
kaugloetav*;;remote-read;;;;
kauplemisperiood*;;trading period;;;;
kauplemispäev*;;day of trading, trading day;;;;
keemili|ne ohutegur*;;chemical hazard;;;;
keevislii|de;;weld;;;;
keevitussead|e;;welding equipment;;;;
keevitustöö*;;welding work;;;;
Keskkonnaamet*;;Environmental Board;;;;
keskkonnahoiukava*;;environmental protection plan;;;;
keskkonnajuhtimissüsteem*;;environmental management system;;;;
keskkonnaklas|s;;environmental class;;;;
Keskkonnaministeerium*;;Ministry of the Environment;;;;
keskkonnamõju*;;environmental impact;;;;
keskkonnasõbralik*;;environmentally friendly;;;;
keskmi|ne katkestustundide arv*;;average loss of load expectation;miks inglise keeles sõna 'expectation'?;;;
keskpinge*;;medium voltage;;;;
kiirsulgekraan*;;slam shut valve;;;;
killustik*;;crushed aggregate;;;;
killustikalus*;;crushed aggregate base;;;;
killustikfilt|er;;crushed aggregate filter;;;;
killustikkat|e;;crushed aggregate covering;;;;
kil|p;;circuit panel;;;;
kind|el võimsus*;;firm capacity;Firm ei ole minu arvates parim siin kontekstis, kas ei peaks olema predetermined capacity?;;;
kinni|ne meetod*;;no-dig method;;;;
kinnisas|i;;immovable property, real estate;;;;
kinnistusraamat*;;land register;;;;
kliendipoliitika*;;customer policy;;;;
kliendirahulolu*;;customer satisfaction;;;;
kliima-aasta*;;climatic year;;;;
kogunõudlus*;;total demand;;;;
kogutarbimi|ne;;total consumption;;;;
kohalik* tootmisvõimsus*;;local generation capacity;;;;
kohtvibratsioon*;;local vibration;;;;
kommunikatsioonid*;;utility lines;;;;
kompaktalajaam*;;compact substation;;;;
kompensaator*;;compensator;;;;
komplektalajaam*;;integrated substation;;;;
kompressorjaam*;;compressor plant;gas compressor station;;;
konservatiiv|ne tootmisseadmete stsenaarium*;;conservative generation equipment scenario;;;;
;;;;;;
konverterjaam*;;converter station;;;;
koormusprognoos*;;load forecast;;;;
koostootmi|ne;;co-generation;;;;
;;;;;;
koostootmisjaam*;;co-generation plant;'CHP plant' ehk combined heat and power production plant, aga cogeneration plant või CHP plant on kõik ok;;;
korrigeeritud EVA*;;adjusted EVA;;;;
kraanisõlm*;;valve station;;;;
kraavkaevik*;;trench;;;;
kuumtsingitud;;hot-dip galvanized;;;;
kuumtsingitud teras*;;hot-dip galvanized steel;;;;
kõrgepinge*;;high voltage;;;;
kõrgepingelabor*;;high-voltage laboratory;;;;
kõrgepingeliin*;;high-voltage line;;;;
kõrgnähtav* riietus*;;high-visibility clothing;;;;
käidukorraldaja*;;operation and maintenance coordinator;;;;
käigutee*;;gangway;;;;
käsihürdovasar*;;hand-held hydraulic hammer;;;;
käsiteadusti*;;handheld detector;;;;
küberturbejuh|t;;head of cyber security;;;;
küberturvalisus*;;cybersecurity;;;;
küljekaitsmetega kaitseprillid*;;safety glasses with side shields;;;;
laadimissead|e;;charging equipment;;;;
laht|er;;cell;;;;
Lairiba Arenduse Sihtasutus*;;Broadband Development Foundation;;;;
lammutusjäätme|d;;demolition waste;;;;
lendkeha*;;flying object;;;;
lendkeha kiirus*;;flying object speed;;;;
ligipääsuõigus*;;access right;;;;
lihthan|ge;;simple procurement;;;;
lihthankemenetlus*;;simple procurement procedure;;;;
liikurmasin*;;mobile machinery;;;;
liinide käidukorraldaja*;;operation and maintenance coordinator for power lines;;;;
;;;;;;
liinide rekonstrueerimi|ne;;renovation of lines;;;;
liinide reservsead|med;;reserve equipment for lines;;;;
liinijuh|t;;phase wire;;;;
liinikoridor*;;line corridor;;;;
liinikraan*;;pipeline valve;;;;
liinikraanisõlm*;;pipeline valve station;;;;
liinilaht|er;;line compartment;;;;
liinilõi|k;;line segment;;;;
liinirajatis*;;line facility;;;;
liitumiskil|p;;connection panel;;;;
liitumisleping*;;connection contract;;;;
liitumispakkumi|ne;;connection offer;;;;
liitumisprotsess*;;connection process;;;;
liitumispunkt*;;connection point;;;;
liitumispunkti pinge*;;voltage at the connection point;;;;
liitumistaotlus*;;connection application;;;;
liitumistasu*;;connection fee;;;;
liitumisvõimsus*;;connection capacity;;;;
likviidsus*;;liquidity;;;;
loomulik* ventilatsioon*;;natural ventilation;;;;
lubatav* kõrvalekal|le;;permitted deviation;;;;
lubatav* töörõh|k;;permitted operating pressure;;;;
lõpptarbija*;;end consumer;;;;
läbilaskevõime*;;transmission capacity;;;;
lähtekood*;;source code;;;;
löögijõud*;;impact force;;;;
lühi-ajali|ne teenus*;;short-term service;;;;
lühisvõimsus*;;short-circuit power;;;;
lülitusaparaa|t;;switching device;;;;
maagaas*;;natural gas;;;;
maagaasi ülekandevõr|k;;natural gas transmission network;;;;
maagaasi tarbimi|ne;;consumption of natural gas;;;;
maagaasiseadus*;;Natural Gas Act;;;;
maakaab|el;;underground cable, buried cable;;;;
maakaabelliin*;;underground cable line, buried cable line;;;;
maanduskontuur*;;ground loop;;;;
maanduslat|t;;earthing busbar;;;;
maanduspaneel*;;earthing panel;;;;
maandusvõr|k;;earthing network;;;;
maastikupõleng*;;wildfire, brush fire;;;;
madal* tarbimise hinnatundlikkus*;;low price sensitivity of consumption;;;;
madalaim* tehnili|ne ülekandevõimsus* normaaltalitusel;;lowest technical transmission capacity under normal service;;;;
madalsoo*;;fen;;;;
mahuvaru*;;capacity reserve;linepack on õige;;;
Majandus- ja kommunikatsiooniministeerium*;;Ministry of Economic Affairs and Communications;;;;
majanduslik* lisandväärtus*;;"economic value added; EVA";;;;
maksimumvõimsus*;;maximum capacity;;;;
manteltoru*;;casing pipe;;;;
manuaal|ne sagedusreserv*;;manual frequency restoration reserve;;;;
masina juh|t;;machine operator;;;;
mast*;;tower;;;;
mastitõmmits*;;guy-wire;;;;
megavatt-tund*;;megawatt-hour;;;;
menetlus- ja toimingutasu*;;processing and procedural fee;;;;
menetlustasu*;;processing fee;;;;
merealu|ne gaasi ülekandetorustik*;;offshore gas transmission pipeline;;;;
merekaab|el;;submarine cable;;;;
meretoru*;;submarine pipeline;;;;
metsateatis*;;forest notification;;;;
mikropra|gu;;micro-crack;;;;
mikrotootja*;;micro-producer;;;;
mineraal|ne pinnas*;;mineral soil;;;;
minimaaltarbimise periood*;;minimum consumption period;;;;
mittefunktsionaal<sed nõu|ded;;non-functional requirements;;;;
mittetaastuv* allika|s;;non-renewable source;;;;
montaažitöö*;;assembly work;;;;
mõõteandme|d;;metering data;ka 'meter data';;;
mõõtepiirkon|d;;metering area, metering district;valida, kumb;;;
mõõtepunkt*;;metering point;;;;
mõõtesead|e;;metering equipment;;;;
mõõtesüsteem*;;metering system;;;;
mõõtevahend*;;metering device;;;;
mõõtev|iga;;measuring error;;;;
mõõtmis- ja kaugjuhtimissignaal|id;;measurement and remote control signals;;;;
müra normtase*;;noise limit value, noise limit;;;;
müratõ|ke;;noise barrier;;;;
naabersüsteem*;;neighbouring system;;;;
nimmepiirkonda toetav* vöö*;;lumbar support belt;;;;
normaaltalitus*;;normal service, normal operation;;;;
objektijuh|t;;site manager;;;;
ohuala*;;danger zone;;;;
ohutegur*;;hazard, risk factor;;;;
ohutusmeetme|d;;safety measures;;;;
ohutusnõu|ded;;safety requirements;;;;
oksjonitulu*;;auction income, auction revenue;;;;
olmeruum|id;;non-work facilities;;;;
omanikujärelevalve*;;owner’s supervision;;;;
omatarbetrafo*;;self-supply transformer;auxiliary transformer;;;
omatar|ve;;own consumption;auxiliary consumption;;;
operatiivteenus*;;first-responder service;;;;
operatiivtun|d;;operational hour;;;;
optiline kaab|el;;optic cable;;;;
optiline sidekaab|el;;fibre-optic communication cable;;;;
OT diiselgeneraator*;;self-supply diesel generator;auxiliary diesel generator;;;
OT trafo*;;self-supply transformer;auxiliary transformer;;;
paejäätm|ed;;limestone waste;;;;
paigaldussügavus*;;installation depth;;;;
paigaldustöö*;;installation work;;;;
paindlikkusplatvorm*;;flexibility platform;;;;
paindlikkusteenus*;;flexibility service;;;;
paindlikkusteenuste platvorm*;;flexibility services platform;;;;
paindlikkustur|g;;flexibility market;;;;
peahoone*;;main building;alternatiiv administrative building;;;
piduriseadis*;;braking machine;;;;
piiriüle|ne;;cross-border;;;;
pikaajali|ne varustuskindlus*;;long-term security of supply;;;;
piksekaitsetross*;;lightning protection cable;;;;
pingejuhtimissead|e;;voltage control equipment;;;;
pingejuhtimissüsteem*;;voltage control system;;;;
pingeloh|k;;voltage drop;peaks dip olema, drop on langus, mis on ka muidugi eraldi termin;;;
pingestami|ne;;energization, electrification;;;;
pingestamiskava*;;energization plan, electrification plan;;;;
pingestamistaotlus*;;energization application, electrification application;;;;
pinnasetihendaja*;;soil compactor;;;;
;;;;;;
pinnasetöö*;;earth-moving work;;;;
pistikupesa*;;socket;;;;
pistikupesade kap|p;;socket cabinet;;;;
plok|k;;unit, module;;;;
plomm*;;seal;;;;
portfellipuu*;;portfolio tree;;;;
primaar- ja sekundaarühendus|ed;;primary and secondary connections;;;;
primaarreserv*;;frequency containment reserve;;;;
;;;;;;
psühho-sotsiaal|ne ohutegur*;;psychosocial hazard;;;;
puhta energia paket|t;;Clean Energy Package;;;;
põhitoiteallika|s;;mains power source;;;;
põhivõrguettevõtja*;;transmission system operator;;;;
põhivõr|k;;transmission system;;;;
põlevkivi*;;oil shale;;;;
põlevkivielektrijaam*;;oil shale power plant;;;;
põllumajandusliku päritoluga jäätme|d;;agricultural waste;;;;
päevasise|ne kauplemi|ne;;intraday trading;;;;
päevasise|ne võimsus*;;within-day capacity;pigem 'intraday capacity'?;;;
päevasise|ne ülekandevõimsus*;;within-day transmission capacity;vt. eelm.;;;
päikeseelektrijaam*;;solar plant;ka 'PV plant';;;
päikesepaneel*;;solar panel;ka 'PV panel';;;
päritolutunnistus*;;guarantee of origin;certificate of origin - ei ole nõus selle parandusega, õige on tõlkebüroo pakutud guarantee of origin, lühidalt GO.;;;
päritolutunnistuste regist|er;;register of guarantees of origin;;;;
pöörderaadius*;;turning radius;;;;
raadamistöö*;;clearing work;;;;
radiograafia*;;radiographic work;;;;
Rahandusministeerium*;;Ministry of Finance;;;;
rahastamistaotlus*;;financing application;;;;
raidme|d;;logging debris;;;;
rasketehnika*;;heavy equipment;;;;
raudbetoonmast*;;reinforced concrete tower;;;;
reaktiivenergia*;;reactive energy;;;;
reaktiivenergia kompenseerimissead|e;;reactive energy compensation equipment;;;;
;;;;;;
"reaktiivvõimekus*; reaktiivvõimsus*";;reactive power;;;;
;;;;;;
reaktiivvõimsuse reguleerimise võimekus*;;capability for regulating reactive power;;;;
reaktor*;;reactor;;;;
regionaal|ne gaasitur|g;;regional gas market;;;;
regionaal|ne varustuskindlus*;;regional security of supply;;;;
registriosa*;;register part;;;;
registrivara*;;registry assets;;;;
regulaator*;;regulator;;;;
reguleerimisenergia*;;balancing energy;;;;
reguleerimisreserv*;;balancing reserve;;;;
reguleerimistarne*;;balancing energy;sama mis 642?;;;
reguleerimisteenus*;;balancing service;;;;
reguleerimisteenuse pakkuja*;"Reguleerimisteenuse pakkuja (Balancing Service Provider) – tootja, tarbija, bilansihaldur või agregaator, kes pakub süsteemihaldurile reguleerimisteenust;";Balancing Service Provider;"Balancing Service Provider – the producer, consumer, balance responsible party or aggregator who provides balancing service to the TSO;";;;
reguleerimisteenuse vahendus*;Reguleerimisteenuse vahendus kokku;intermediation of regulation services;Total intermediation of regulation services;;;
reguleerimistur|g;Alates 01.01.2018 käivitati Balti ühine reguleerimisturg ning seoses sellega rakendatakse Eesti, Läti ja Leedu elektrisüsteemides koordineeritud bilansijuhtimist.;balancing market;As of 1 January 2018, the common Baltic balancing market was launched and, in connection with the foregoing, coordinated balance control is implemented in the power systems of Estonia, Latvia and Lithuania.;;;
releekaits|e;;relay protection;;;;
releepaneel*;;relay panel;;;;
releeruum*;;relay room;;;;
releesaal*;;relay hall;;;;
reoveeset|e;;wastewater sludge;;;;
reserveerimisavaldus*;;reservation application;;;;
reservsead|med;;reserve equipment;;;;
reservvõimsus*;;reserve power;;;;
ressursside järelvalve*;;resource supervision;;;;
riikidevaheli|ne ülekandevõimsuse jaotami|ne;;allocation of cross-border transmission capacity;;;;
riikidevaheliste ülekandevõimsuste oksjonitulu*;;revenue from trading cross-border transmission capacities;;;;
rikete likvideerimi|ne;;elimination of faults;;;;
rikkevoolukaits|e;;residual current device;;;;
ringühendus*;Ringühendus võimaldaks paremini suunata gaasivoogusid ja kõikidel osapooltel viia läbi lihtsamalt plaanilisi/avariilisi remonttöid gaasitorustikel.;circular connection;The circular connection would allow for better direction of gas streams and enable all parties to more easily carry out scheduled or unscheduled repair works on the gas pipelines.;;;
riski- ja seisundipõhi|ne hooldus*;Alajaamade andmesidevõrgu seadmete uuendamine 1,4 mln € ja Riski- ja seisundipõhine hooldus ja investeeringud 0,6 mln €.;risk- and condition-based maintenance;upgrades of the data communications network equipment of substations €1.4 million, and risk- and condition-based maintenance and investments €0.6 million.;;;
riski tase*;;risk level;;;;
riskianalüüs*;;risk analysis;;;;
riskihindami|ne;;risk assessment;;;;
riskitegur*;;risk factor;;;;
rollipõhine töökogemus;;role-based work experience;;;;
saartalitlus*;;island mode / isolated operation;island mode' on pigem generaatori vastav režiim - Generator is capable running in island mode enabling regional isolated operation;;;
saartalitluse katse*;;island mode test;;;;
sadeveekanalisatsioon*;;rainwater sewerage;stormwater sewerage;;;
sagedusala*;;frequency area;;;;
sageduse juhtimi|ne;;frequency management;;;;
sageduse juhtimise võimekus*;;frequency management capacity;;;;
sageduse muutumi|ne;;frequency change;;;;
sageduse muutumise kiirus*;;rate of change of frequency;siin lühend ka Rocof-rate of change of freq (Hz/s);;;
sageduse reguleerimi|ne;;frequency regulation;;;;
sageduse stabiilsus*;;frequency stability;;;;
sageduse taastamise reserv*;;frequency restoration reserve;;;;
sagedusjuhtimi|ne;;frequency control;;;;
sagedusjuhtimisesüsteem*;;frequency control system;;;;
sageduspiirkon|d;;frequency area;;;;
salvestustehnoloogia*;;storage technology;;;;
segaliin*;;mixed line;;;;
segapaigaldis*;;mixed installation;;;;
sekundaarkaab|el;;secondary cable;;;;
sekundaarsead|med;;secondary equipment;;;;
sekundaarühendus*;;secondary connection;;;;
sidekaab|el;;communication cable;;;;
sidekanalisatsioon*;;communication ducts;;;;
sidekap|p;;communication cabinet;;;;
sideruum*;;communications room;;;;
sidevõr|k;;communications network;;;;
sihttase*;;target level;;;;
simulatsioon*;;simulation;;;;
simuleeritud;;simulated;;;;
sisediagnostika*;;internal diagnostics;;;;
sisemai|ne tarbimi|ne;;domestic consumption;;;;
sisendhin|d;;input price;;;;
sisend-väljund punkt*;;entry-exit point;;;;
siseriiklik* ülekandeteenus*;;domestic transmission service;;;;
sissevii|k;;entry penetration;;;;
sissevoolu koondpunkt*;;entry consolidation point;;;;
sond*;;probe;pig;;;
sondikamb|er;;test chamber;pig trap või pig launching/receiving chamber;;;
sondisõlm*;;test station;pigging station;;;
soojak*;;construction shelter;;;;
statistikakaubandus*;;statistics trading;;;;
strateegili|ne reserv*;;strategic reserve;;;;
sulgekraan*;;shut-off valve;;;;
sundventilatsioon*;;forced-air ventilation;;;;
surugaas*;;compressed natural gas;;;;
survekanalisatsioonitrass*;;pressurized sewerage line;;;;
surveproov*;;pressure test;;;;
suundpuurimi|ne;;directional boring;;;;
sängituskih|t;;bed layer;;;;
sünkroonala*;;synchronous area;;;;
sünkroonala stsenaarium*;;synchronous area scenario;;;;
sünkroongeneraator*;;synchronous generator;;;;
sünkroonkompensaator*;;synchronous compensator;;;;
;;;;;;
sünkroontöö*;;synchronous operation;;;;
süsinikdioksiidi emissioonikvoo|t;;carbon dioxide emission allowance, carbon credit;;;;
süsteemihin|d;;system price;;;;
süsteemiteenus*;Süsteemihalduritele ja jaotusvõrguoperaatoritele on plaanis kehtestada kohustus käsitleda tarbimise juhtimist võrdsetel alustel teiste süsteemiteenuste pakkujatega.;system service;"It is planned to impose on TSOs and DSOs the obligation to treat consumption management on equal grounds with other system services providers.

ka 'ancillary service' (direktiivi järgi: ‘ancillary service’ means a service necessary for the operation of a transmission or distribution system, including balancing and non-frequency ancillary services, but not including congestion management";;;
taastuv* allika|s;;renewable source;;;;
taastuvatest allikatest toodetud elekt|er;;electricity produced from renewable sources;;;;
taastuvelekt|er;;renewable electricity;;;;
taastuvenergia*;;renewable energy;;;;
taastuvenergia tasu*;;renewable energy charge;;;;
taastuvenergia toodang*;;renewable energy output;ka 'renewable energy production';;;
taastuvkütus*;;renewable fuel;;;;
tagasitäi|de;;backfill;;;;
talumistasu*;;toleration payment;toleration fee;;;
tarbimise hinnatundlikkus*;;price sensitivity of consumption;;;;
tarbimise jaotus*;;distribution of consumption;;;;
tarbimise juhtimi|ne;;consumption management;pigem 'demand side management', 'demand response';;;
tarbimise prognoos*;;consumption forecast;;;;
tarbimiskoh|t;;place of consumption;point of consumption;;;
tarbimisnõudlus*;;consumption demand;;;;
tarbimistingimus|ed;;consumption conditions;;;;
tarbimisvõimsus*;;consumption capacity;;;;
tariif*;;tariff, list of rates;;;;
tarkvaraanalüütik*;;software analyst;;;;
tarkvaraarendus*;;software development;;;;
"tarkvõrgu platvorm*; tarkvõrguplatvorm*";;smart network platform;peaks olema 'smart grid platform';;;
;;;;;;
tarneallika|s;;source of supply;;;;
teavitamiskohustus*;;notification obligation;;;;
teeküna*;;road ditch;;;;
teenindusplatvorm*;;service platform;;;;
teenindustee*;;service road;;;;
teeservituu|t;;servitude of way;road servitude;;;
tegevusrisk*;;operational risk;;;;
tehnili|ne elu|iga;;technical lifespan;technical lifetime on alternatiiv;;;
tehnili|ne hinnang*;;technical assessment;;;;
tehnili|ne jääkressurs|s;;residual resource value;;;;
tehnili|ne lahendus*;;technical solution;;;;
tehnili|ne projekt*;;technical project;;;;
tehnili|ne seisukor|d;;technical condition;;;;
tehnili|ne ülekandevõimsus*;;technical transmission capacity;;;;
tehnili|ne ülekandevõimsus normaaltalitusel;;technical transmission capacity under normal service;;;;
Tehnilise Järelevalve Amet*;;Technical Regulatory Authority;;;;
tehnorajatise kaitsevöönd*;;protection zone of technical infrastructure;;;;
tehnosüsteem*;;technical utility system;;;;
tehnovõr|k;;utility network;;;;
telekommunikatsioonivõr|k;;telecommunications network;;;;
teostusjoonis*;;as-built drawing;;;;
terasest pöiaosaga turvasaa|pad;;safety boots with a steel toe;safety boots with steel toe cap;;;
teravatt-tun|d;;terawatt-hour;;;;
tertsiaalreserv*;;tertiary reserve;pigem 'replacement reserve'?;;;
testiaruan|ne;;test report;;;;
testijuh|t;;test manager;;;;
testil|ugu;;test case;;;;
testiplaan*;;test plan;;;;
tihendatud killustikalus*;;compacted crushed aggregate base;;;;
tihenduskoefitsien|t;;compaction coefficient;;;;
tipukoormus*;;peak load;;;;
;;;;;;
tipunõudlus*;;peak demand;;;;
tiputarbimi|ne;;peak consumption;;;;
toimepidevuse stsenaarium*;;continuity scenario;;;;
toimingutasu*;;procedural fee;transaction fee /procedural fee on pisut teise alatooniga;;;
toiteklemm*;;power supply terminal;;;;
toiteplok|k;;power supply;;;;
tolmumask*;;dust mask;;;;
tootjapaigaldis*;;producer installation;;;;
tootmismaa*;;production land;;;;
tootmismoodul*;;power-generating module;generating unit;;;
tootmispiisavus*;;generation adequacy;;;;
tootmissead|e;;generation equipment;production device;;;
tootmissuunali|ne võimsus;;generation-oriented capacity;;;;
tootmissuunali|ne võrguühendus*;;generation-oriented network connection;;;;
tootmisvaru*;;generation reserve;;;;
tootmisvõimsus*;;generating capacity;;;;
tootmisvõimsuse puudujää|k;;deficit of generating capacity;;;;
torujuhtme kaevik*;;pipeline trench;;;;
torujuhtme trassikoridor*;;pipeline clearance corridor;;;;
torutellingu|d;;tubular scaffolding;;;;
trafo astmelüliti*;;transformer tap changer;;;;
trafo läbivii|k;;transformer bushing;;;;
trafo õlivann*;;transformer oil bath;;;;
trassikoridor*;;clearance corridor;;;;
tuletöö*;;hot work, work with open flame;;;;
tulevikutehing*;;futures trade;;;;
tunnimõõteandme|d;;hourly metering data;'hourly meter data';;;
turukorraldus*;;market organization;pigem 'market design';;;
turumoonutus*;;market distortion;;;;
turuosali|ne;;market participant;;;;
turuplatvorm*;;market platform;;;;
turutõr|ge;;market disruption;pigem 'market failure' markjet disruption on ok;;;
turvahäiresüsteem*;;security alarm system;;;;
turvarakme|d;;safety harness;;;;
tuuleelektrijaam*;;wind farm;'wind plant'? 'wind power plant';;;
tuuleenergia*;;wind energy;ka 'wind power';;;
tuulepar|k;;wind farm;ka 'wind power plant';;;
tuumaelektrijaam*;;nuclear power plant;;;;
tõhusa koostootmise režiim*;;efficient co-generation mode;;;;
täitejoonis*;;working drawing;ei ole kindel. Working viitabks justkui draftile / as-buit drawing peaks olema;;;
täitematerjal*;;aggregate, filler;;;;
täitepinnas*;;filling earth;;;;
tänavaelemen|t;;street element;;;;
tänavavalgustus*;;street lighting;;;;
tänavavalgustusvõr|k;;streetlighting network;;;;
töökäsk-l|uba;;work order-permit;;;;
tööl|uba;;work permit;;;;
töömaa*;;work area;;;;
tööplatvorm*;;work platform;;;;
Töösisekorraeeskir|i;;Rules of Procedure;Work Organisation rules;;;
vahelduvvoolu liin*;;alternating-current line;;;;
vahelduvvoolu ühendus*;;alternating-current connection;;;;
valguskaablivõr|k;;optical cable network;;;;
varustuskindlus*;;"power supply reliability; security of supply";;;;
;;;;;;
;;;;;;
varustuskindluse aruan|ne;;Security of Supply Report;;;;
varustuskindluse varu*;;security of supply reserve;;;;
vastavusrisk*;;compliance risk;;;;
vastukaubandus*;;countertrading;;;;
vastuvõtutest*;;acceptance test;;;;
vedel* elektrolüü|t;;liquid electrolyte;;;;
voolutrafo*;;current transformer;;;;
võimsuse reserveerimisavaldus*;;reservation application for capacity;;;;
võimsusmehhanism*;;capacity mechanism;;;;
võimsuspõhi|ne;;capacity-based;;;;
võimsusreserv*;;capacity reserve;;;;
võimsustasu*;;capacity fee;;;;
võimsustoo|de;;capacity product;;;;
võimsustur|g;;capacity market;;;;
võrgueeskir|i;;Grid Code;'network code';;;
võrguettevõtja*;;network operator;ka 'system operator', 'grid operator';;;
võrguhaldus*;;network administration;;;;
võrguleping*;;network contract;;;;
võrgupiirang*;;network restriction;pigem 'network/grid congestion';;;
võrgutariif*;;network tariff, network rates;transmission tariff;;;
võrgutasu*;;network fee;transmission fee;;;
võrguteenus*;;network service;;;;
välisvalgustus*;;external lighting;;;;
välisühendus*;;international connection;;;;
värvuskood*;;colour code;;;;
väärtuspunkt*;;merit point;;;;
väävlipuhastussead|e;;desulphurization equipment;;;;
õhuliin*;;overhead line;;;;
õhuliini kaitsevöönd*;;overhead line protection zone;;;;
õigla|ne elektrikaubandus*;;fair trade of electricity;;;;
õlipüüdur*;;oil trap;;;;
õlitäitega;;oil-filled;;;;
õlitäitega võimsuslüliti*;;oil-filled capacity switch;;;;
õlivann*;;oil bath;;;;
äravoolusüvend*;;drainage trench;;;;
"ühi|ne energiatur|g; üht|ne energiatur|g";;single energy market;;;;
ühishuvi*;;common interest;;;;
;;;;;;
üldhuviteenus*;;general-interest service;;;;
ülekandeliin*;;transmission line;;;;
ülekandemah|t;;transmission volume;;;;
ülekandesüsteem*;;transmission system;;;;
ülekandeteenus*;;transmission service;;;;
ülekandevõimsus*;;transmission capacity;;;;
ülekoormustulu*;;congestion income;;;;
;;;;;;
ülelöö|k;;flashover;;;;
;;;;;;
ajutine käiduteade;;interim operational notification or ‘ION;;;;
aktiivvõimsuse juhtimine tarbimiskajaga;;demand response active power control;;;;
aktiivvõimsuse juhtimine väga kiire tarbimiskajaga;;demand response very fast active power control;;;;
alaergutuspiiraja;;underexcitation limiter;;;;
alasagedusega piiratud sagedustundlik seisund;;limited frequency sensitive mode — underfrequency;;;;
asjaomane põhivõrguettevõtja;;relevant TSO;;;;
asjaomane võrguettevõtja;;relevant system operator;;;;
asutus;;entity;;;;
automaatpingeregulaator;;automatic voltage regulator;;;;
avamere energiapargimoodul;;offshore power park module;;;;
avamere võrguühendussüsteem;;offshore grid connection system;;;;
elektrisüsteemi stabilisaator;;power system stabiliser;;;;
energiapargimoodul;;power park module;;;;
ergutuse juhtimissüsteem;;excitation control system;;;;
inerts;;inertia ;;;;
isekäivitusvõime;;black start capability;;;;
juhis;;instruction;;;;
kalle;;slope;;;;
kiire rikkevool;;fast fault current;;;;
koondtarbija;;demand aggregation;;;;
koormus-astmelüliti;;on load tap changer;;;;
koormus-astmelüliti blokeerimine;;on load tap changer blocking;;;;
koormusplokkimine;;block loading;;;;
koostöö simuleerimise aruanne;;co-operation simulation report;;;;
lõplik käiduteade;;final operational notification or ‘FON’;;;;
maismaaühenduspunkt;;onshore grid interconnection point;;;;
minimaalne reguleerimistase;;minimum regulating level;;;;
näivvõimsus;;apparent power;;;;
omatarbetoite talitlus;;houseload operation;;;;
paigaldamisdokument;;installation document;;;;
piiratud käidu teade;;limited operational notification or ‘LON;;;;
pinge;;voltage;;;;
pingestamine;;energisation;;;;
pingestamisteade;;energisation operational notification or ‘EON;;;;
P-Q graafik;;P-Q-capability diagram;;;;
pumpjaam (hüdroakumulatsioonijaam;;pump-storage;;;;
põhitarbimisseade;;main demand equipment;;;;
põhitootmisseade;;main generating plant;;;;
Põhivõrk;;transmission system;;;;
püsitalitluse stabiilsus;;steady-state stability;;;;
reaktiivvõimsuse juhtimine tarbimiskajaga;;demand response reactive power control;;;;
rikkeläbimisvõime;;fault-ride-through;;;;
sageduskaja tundetus;;frequency response insensitivity;;;;
sageduskaja tundetuspiirkond;;frequency response deadband;;;;
sagedustundlik talitlus;;frequency sensitive mode;;;;
seadeväärtus;;setpoint;;;;
seadme tõend;;equipment certificate;;;;
staator;;stator;;;;
stabiilse talitluse miinimumtase;;minimum stable operating level;;;;
statism;;droop;;;;
suletud jaotusvõrk;;closed distribution system;;;;
suurim eksportvõimsus;;maximum export capability;;;;
suurim importvõimsus;;maximum import capability;;;;
sünkroonkompensaatortalitlus;;synchronous compensation operation;;;;
sünkroonmoodul;;synchronous power-generating module;;;;
süsteemi sageduse juhtimine tarbimiskajaga;;demand response system frequency control;;;;
tarbija alapingeline lahtiühendamine;;low voltage demand disconnection;;;;
tarbija alasageduslik lahtiühendamine;;low frequency demand disconnection;;;;
tarbimine;;demand;ka 'consumption' pigem consumption, demand on nõudlus;;;
tarbimiskajaseadme dokument;;demand response unit document;;;;
tarbimisseade;;demand unit;;;;
tarbimisüksus;;demand facility;;;;
tehisinerts;;synthetic inertia;;;;
tootmismooduli dokument;;power-generating module document;;;;
tootmisüksus;;power-generating facility;;;;
tootmisüksuse omanik;;power-generating facility owner;;;;
turvatud rike;;secured fault;;;;
U-Q/Pmax graafik;;U-Q/Pmax-profile;;;;
vastavustõend;;statement of compliance;;;;
volitatud sertifitseerija;;authorised certifier;;;;
vool;;current;;;;
võimsustegur;;power factor;;;;
võrk;;network;;;;
võrguühendus;;grid connection;;;;
ühendusleping;;connection agreement;;;;
ühenduspunkt;;connection point;;;;
üleergutuspiiraja;;overexcitation limiter;;;;
ülekandepiirangu juhtimine tarbimiskajaga;;demand response transmission constraint management;;;;
ülekandevõrguühendusega jaotusvõrk;;transmission-connected distribution system;;;;
ülekandevõrguühendusega jaotusüksus;;transmission-connected distribution facility;;;;
ülekandevõrguühendusega tarbimisüksus;;transmission-connected demand facility;;;;
ülesagedusega piiratud sagedustundlik talitlus;;limited frequency sensitive mode — overfrequency;;;;
;;;;;;
hankedokumendid;;procurement documents;;;;
Elektrisüsteemi toimimise võrgueeskiri ;;Grid Code on the functioning of the electricity system;;;;
elektriosa projekt;;electrical design documentation;;;;
võrguoperaator;;network operator ;;;;
võrguleping ;;grid?contract;;;;
jaotatud tootmine;;distributed generation ;;;;
elektrivõrk;;power grid/network?;;;;
liitumistingimused;;connection conditions;;;;
omatarve;;self-consumption;;;;
nimipinge ;;rated voltage;;;;
sünkroniseerimine;;synchronizing;;;;
modelleerimine;;simulation?;;;;
tarbimiskoht;;point of consumption ;;;;
isolaatorid;;insulator;;;;
koroonarõngad;;;;;;
traavers;;polearm;;;;
visang;;span;;;;
tõmmits;;stay wire ? stay?;;;Test;
maandur;;;;;;
lekkerada;;leak;;;;
komposiitisolaator;;composite insulator;;;;
hajaasustus;;;;;;
harualajaam;;tapped substation ?;;;;
hulknurkskeem;;polygon scheme;;;;
dupleks-skeem;;duplex arrangement;;;;
kaitsemähis;;;;;;
piiriklemmkapp;;;;;;
riviklemmid;;terminal block;;;;
pingeahelad;;;;;;
latipingetrafo;;;;;;
liitumislahter;;;;;;
kolmnurkühendus;;delta-connected device;;;;
šuntreaktor;;shunt reactor;;;;
primaarseade;; primary equipment;;;;
telemaatikaseade;;telematics equipment;;;;
lühisvool;;short-circuit current;;;;
sekundaarseade;;secondary equipment;;;;
kaokoefitsient;;;% of losses;;;
vahelduvvoolutrafo;;ac transformer;;;;
mõõteahel;;measuring circuit;;;;
kõrgepingejuht;;high voltage conductor?;;;;
sagedusregulaator;;frequency regulator;;;;
primaarreguleerimine;;primary control;;;;
reguleerimissätted;;;;;;
tundetustsoon;;dead zone;;;;
väljundvõimsus;;output power;;;;
sagedushälve;;frequency deviation;;;;
simuleeritud sagedus;;simulated frequency;;;;
seiresignaalid;;;monitoring signals?;;;
mahakoormamine;;;;;;
sätteväärtus;;;;;;
latistus;;bus arrangement ?;;;;
puutepinge;;contact voltage;;;;
sammupinge;;pace / step  voltage;;;;
primaarosa;;primaries?;;;;
sekundaarosa;;secondar;secondaries;;;
keskjuhtimissüsteem;;;central control room, central control system;;;
ergutusregulaator;;;;;;
plokkskeem;;block diagram;;;;
võnkesummuti;;power system stabilizer, PSS;;;;
omatarbekoormus;;;;;;
pingelohk;;voltage dip;;;;
siirdetalitlus;;transient mode;;;;
püsitalitlus;;steady-state operation;;;;
pingekaitse sätted;;voltage protection provisions ?;;;;
elektritarviti;;current using equipment;;;;
subsünkroonsed võnkumised;;;;;;
kompenseerimisseadmed;;;;;;
kaugjuhtimissüsteem;;remote control system;;;;
releekaitsesätted;;relay protection provisions ?;;;;
nulljärgnevusparameetrid;;zero sequence conditions?;;;;
maandustakistus;;earth resistance;;;;
aktiivkoormus;;active load;;;;
reaktiivkoormus;;reactive load;;;;
põhiajam;;;;;;
pingemuundur;;voltage transducer;;;;
koormuse kompensaator;;load compensator;;;;
erguti;;exciter;;;;
auruturbiin;;steam turbine;;;;
hüdroturbiin;;water turbine;hydro turbine sobib ka;;;
harmoonik;;harmonic;;;;
Torsioonvõnkumine;;torsion hunting ?;;;;
pikikompenseerimine;;series compensation;;;;
impedantskarakteristik;;impedance characteristic;;;;
Transient- ja ajutised liigpinged;;transient,  temporary overvoltage;;;;
Ferroresonants;;;ferro resonance;;;
võrgutugevdused;;establishing network enhancements ?;;;;
soojuselektrijaam;;thermal power station ?;heating power plant, ikka pigem thermal power plant;;;
;;;;;;
hajutatud tootmine, hajustootmine;;distributed generation;;;;
hajutatud energiatootmisüksused;;DER - distributed energy resources;;;;
;;RES - renewable energy sources;;;;
talumiskohustus;;;;;;
sundvalduse seadmine;;;;;;
projekteerimistingimused;;design requirements;äkki?;;;
ülekandekindlus ;;availability ;;;;
kättesaadavus ;;availability ;;;;
mittekättesaadavus ;;unavaliability ;;;;
töövalmidus ;;availability ;;;;
maksimaalne tehniline ülekandevõimsus ;;Total Transfer Capacity (TTC) ;;;;
täisvõimsusel ;;at full capacity ;;;;
Andmata energia  ;;Undelivered energy, energy not supplied (ENS) ;;;;
talitluskindlus ;;reliability ;;;;
väljalülitumine ;;outage ;;;;
omatarbepingetrafo  ;;power voltage transformer ;;;;
süsteemi juhtimise võimekuse ülevaade ;;general overview on the electricity system’s power balance ;;;;
tiputarbimine ;;peak consumption ;;;;
elektrisüsteemi talitluse parameetrid ;;electricity system’s power balance indicators ;;;;
ristlõige ;;cross-border ;;;;
võimsusvoog ;;power flow ;;;;
energiavoog ;;energy flow ;;;;
läbilaskevõimsus ;;transfer capacity ;;;;
vastukaubandus ;;countertrade ;;;;
ülekoormus ;;congestion ;;;;
operatiivtund ;;operational hour ;;;;
aktiivvõimsus ;;active power ;;;;
võimsusbilanss ;;power balance ;;;;
